City_ID,City,Lat,Lng,Max Temp,Humidity,Cloudiness,Wind Speed,Country,Date
0,kindu,-2.95,25.95,22.71,70,19,0.67,CD,1689466527
1,klyuchi,52.2667,79.1667,20.37,43,48,6.76,RU,1689466840
2,awjilah,29.1081,21.2869,27.1,62,0,4.96,LY,1689466983
3,talnakh,69.4865,88.3972,3.45,73,100,4.88,RU,1689466983
4,grytviken,-54.2811,-36.5092,-5.28,78,6,2.85,GS,1689466984
5,la ronge,55.1001,-105.2842,18.14,55,75,5.14,CA,1689466823
6,iqaluit,63.7506,-68.5145,11.85,82,40,2.57,CA,1689466774
7,alofi,-19.0595,-169.9187,23.94,73,75,6.69,NU,1689466892
8,adamstown,-25.066,-130.1015,22.23,83,77,9.47,PN,1689466985
9,bethel,41.3712,-73.414,26.78,80,85,2.3,US,1689466985
10,ulladulla,-35.35,150.4667,14.54,75,97,2.19,AU,1689466986
11,winnipeg,49.8844,-97.147,21.1,45,40,8.23,CA,1689466504
12,beykonak,36.3257,30.303,31.04,43,0,3.33,TR,1689466987
13,waitangi,-43.9535,-176.5597,11.57,81,98,1.34,NZ,1689466987
14,bilibino,68.0546,166.4372,27.43,33,14,3.15,RU,1689466988
15,vorgashor,67.5833,63.95,11.32,74,40,0.39,RU,1689466988
16,sechura,-5.5569,-80.8222,24.4,69,85,7.91,PE,1689466988
17,lebu,-37.6167,-73.65,8.77,82,81,6.85,CL,1689466989
18,pacasmayo,-7.4006,-79.5714,21.95,84,37,5.98,PE,1689466989
19,edinburgh of the seven seas,-37.0676,-12.3116,12.62,82,39,15.19,SH,1689466990
20,whitehorse,60.7161,-135.0538,27.23,31,75,5.14,CA,1689466990
21,nova vicosa,-17.8919,-39.3719,22.8,73,100,4.46,BR,1689466777
22,hawaiian paradise park,19.5933,-154.9731,28.18,68,100,4.12,US,1689466990
23,minas de marcona,-15.2119,-75.1103,13.33,82,18,3.88,PE,1689466991
24,olinda,-8.0089,-34.8553,26.85,78,40,3.6,BR,1689466991
25,port-aux-francais,-49.35,70.2167,1.57,56,88,11.15,TF,1689466992
26,atafu village,-8.5421,-172.5159,28.46,71,94,4.83,TK,1689466992
27,hithadhoo,-0.6,73.0833,27.82,74,4,1.02,MV,1689466992
28,san patricio,28.017,-97.5169,34.05,57,19,7.06,US,1689466973
29,weno,7.4515,151.8468,30.97,74,100,2.57,FM,1689466993
30,ribeira grande,38.5167,-28.7,19.32,90,100,3.58,PT,1689466814
31,zheshart,62.0731,49.5733,12.48,84,100,1.15,RU,1689466994
32,cockburn town,21.4612,-71.1419,28.44,86,0,8.03,TC,1689466994
33,papatowai,-46.5619,169.4708,9.3,72,53,8.92,NZ,1689466995
34,jamestown,42.097,-79.2353,23.8,78,75,2.06,US,1689466995
35,lexington,37.9887,-84.4777,27.0,79,75,3.6,US,1689466800
36,blackmans bay,-43.0167,147.3167,12.07,74,94,5.03,AU,1689466996
37,port mathurin,-19.6833,63.4167,23.52,78,18,7.79,MU,1689466996
38,albany,42.6001,-73.9662,27.32,82,88,1.75,US,1689466997
39,rongelap,11.1635,166.8941,28.22,78,60,6.23,MH,1689466997
40,saipan,15.1355,145.701,31.39,100,20,6.69,MP,1689466998
41,san isidro,-12.1167,-77.05,20.77,78,75,5.14,PE,1689466998
42,utrik,11.2278,169.8474,28.36,74,17,6.77,MH,1689466998
43,motueka,-41.1333,173.0167,15.05,60,97,1.28,NZ,1689466999
44,brisas de zicatela,15.8369,-97.0419,31.29,62,40,1.54,MX,1689466999
45,eureka,40.8021,-124.1637,20.11,85,46,2.24,US,1689467000
46,sinabang,2.4803,96.3801,25.99,81,99,0.16,ID,1689467000
47,ushuaia,-54.8,-68.3,-2.19,93,40,2.06,AR,1689467000
48,yellowknife,62.456,-114.3525,21.29,46,75,3.09,CA,1689466834
49,francistown,-21.17,27.5079,10.19,73,4,3.07,BW,1689467001
50,tura,25.5198,90.2201,23.6,90,100,2.26,IN,1689466838
51,kristiansund,63.1115,7.732,17.36,63,75,4.63,NO,1689467002
52,geraldton,-28.7667,114.6,6.23,75,0,5.14,AU,1689466844
53,wailua homesteads,22.0669,-159.378,28.44,77,20,6.17,US,1689467002
54,longyearbyen,78.2186,15.6401,9.91,76,0,4.12,SJ,1689467003
55,port lincoln,-34.7333,135.8667,12.18,60,35,2.22,AU,1689466883
56,tiksi,71.6872,128.8694,2.52,97,100,4.91,RU,1689467003
57,makurdi,7.7411,8.5121,24.73,89,63,1.36,NG,1689466814
58,kodiak,57.79,-152.4072,13.73,88,100,5.66,US,1689467004
59,pindwara,24.8,73.0667,26.11,81,100,2.83,IN,1689467005
60,dudinka,69.4058,86.1778,3.68,68,75,5.32,RU,1689466815
61,arraial do cabo,-22.9661,-42.0278,20.7,70,4,6.95,BR,1689466820
62,petropavlovsk-kamchatsky,53.0452,158.6483,17.33,77,75,2.0,RU,1689467007
63,centralia,46.7162,-122.9543,35.25,32,0,5.14,US,1689467008
64,motygino,58.1831,94.7592,14.79,93,100,1.32,RU,1689467008
65,sampit,-2.5333,112.95,23.67,98,96,0.7,ID,1689467009
66,walvis bay,-22.9575,14.5053,10.53,87,0,2.06,NA,1689467009
67,myitkyina,25.3833,97.4,24.06,99,100,0.52,MM,1689467009
68,lompoc,34.6391,-120.4579,34.45,75,0,3.09,US,1689467010
69,sisimiut,66.9395,-53.6735,4.65,94,100,2.53,GL,1689466799
70,kiunga,-6.1219,141.2906,23.83,86,100,1.89,PG,1689467010
71,puerto natales,-51.7236,-72.4875,-1.27,81,47,2.87,CL,1689467011
72,kourou,5.1552,-52.6478,27.03,86,36,3.06,GF,1689467011
73,villa gesell,-37.2639,-56.973,5.59,78,32,5.92,AR,1689466786
74,tabuk,17.4189,121.4443,26.4,85,98,1.64,PH,1689467012
75,hamilton,39.1834,-84.5333,26.14,89,100,1.54,US,1689466800
76,vadso,70.0744,29.7487,13.49,94,100,1.54,NO,1689467012
77,avarua,-21.2078,-159.775,26.03,78,40,3.09,CK,1689466842
78,general mosconi,-23.1851,-62.303,15.07,51,79,3.94,AR,1689467013
79,west island,-12.1568,96.8225,24.99,78,100,7.72,CC,1689467014
80,ringim,12.1548,9.1619,28.45,55,86,2.52,NG,1689467014
81,arno,60.1167,18.6333,17.66,73,99,5.67,SE,1689467014
82,nadi,-17.8,177.4167,23.0,78,100,3.6,FJ,1689467015
83,hermanus,-34.4187,19.2345,16.0,81,94,6.13,ZA,1689467015
84,camocim,-2.9022,-40.8411,26.0,82,14,6.11,BR,1689467015
85,egilsstadir,65.2653,-14.3948,6.95,87,75,3.6,IS,1689466905
86,castillos,-34.1667,-53.8333,9.59,71,100,3.17,UY,1689467016
87,greymouth,-42.4667,171.2,11.16,92,100,5.79,NZ,1689467016
88,mul,20.0667,79.6667,23.86,97,100,2.5,IN,1689467016
89,phan thiet,10.9333,108.1,26.41,85,100,4.79,VN,1689467017
90,lorengau,-2.0226,147.2712,28.88,72,56,6.32,PG,1689467017
91,brooks,50.5834,-111.8851,26.99,40,29,5.14,CA,1689467017
92,archangelos,36.2149,28.1149,29.06,55,0,3.42,GR,1689467018
93,kloulklubed,7.0419,134.2556,27.28,80,100,8.57,PW,1689467018
94,iskateley,67.6803,53.1512,15.69,71,14,2.05,RU,1689467019
95,agat village,13.3886,144.6585,31.52,79,40,7.2,GU,1689467019
96,velingara,13.15,-14.1167,24.33,89,63,3.24,SN,1689467019
97,bredasdorp,-34.5322,20.0403,14.65,62,88,3.8,ZA,1689466814
98,bada,51.392,109.8717,22.32,67,4,0.86,RU,1689467020
99,kapuskasing,49.4169,-82.4331,21.05,78,100,2.06,CA,1689466808
100,ilulissat,69.2167,-51.1,6.01,93,100,1.54,GL,1689467020
101,howard springs,-12.497,131.047,24.9,58,61,4.17,AU,1689467021
102,college,64.8569,-147.8028,19.21,77,100,2.06,US,1689467021
103,northam,51.0333,-4.2167,15.14,84,94,10.08,GB,1689467021
104,uturoa,-16.7333,-151.4333,26.41,62,10,4.91,PF,1689467022
105,gulf shores,30.246,-87.7008,31.88,74,0,5.14,US,1689467022
106,susuman,62.7833,148.1667,22.41,59,99,4.24,RU,1689467022
107,bonthe,7.5264,-12.505,24.4,88,15,2.47,SL,1689466948
108,kargil,34.5667,76.1,15.15,60,51,2.57,IN,1689467023
109,oamaru,-45.0784,170.9801,11.32,76,100,1.36,NZ,1689467023
110,bridgewater,44.3835,-64.5155,21.73,94,61,2.06,CA,1689467024
111,rio de janeiro,-22.9028,-43.2075,20.53,69,0,3.09,BR,1689467024
112,medicine hat,50.0501,-110.6683,28.24,35,75,3.09,CA,1689467024
113,st. john's,47.5649,-52.7093,20.66,79,40,4.12,CA,1689466669
114,kill devil hills,36.0307,-75.676,28.32,84,0,8.75,US,1689467018
115,constantia,44.1833,28.65,19.38,74,0,2.99,RO,1689466745
116,sitka,57.0531,-135.33,17.94,72,40,3.09,US,1689467025
117,ust-nera,64.5667,143.2,19.62,64,64,2.46,RU,1689467026
118,merizo village,13.2658,144.6691,31.31,83,55,6.97,GU,1689467026
119,port alfred,-33.5906,26.891,15.68,82,87,4.38,ZA,1689467026
120,chonchi,-42.6128,-73.8092,3.95,94,24,1.34,CL,1689467027
121,trincomalee,8.5711,81.2335,27.86,76,97,9.26,LK,1689467027
122,el gouna,27.3942,33.6782,30.77,38,2,6.03,EG,1689467027
123,puerto ayora,-0.7393,-90.3518,25.31,91,35,1.34,EC,1689467028
124,kirakira,-10.4544,161.9205,26.55,87,100,6.91,SB,1689467028
125,petukhovo,55.0692,67.9019,14.0,97,100,4.27,RU,1689467028
126,carutapera,-1.195,-46.02,25.08,85,78,3.1,BR,1689467029
127,happy valley-goose bay,53.3168,-60.3315,26.17,57,75,1.54,CA,1689467029
128,namibe,-15.1961,12.1522,19.41,49,0,1.95,AO,1689467029
129,puerto aysen,-45.4,-72.7,2.6,99,88,1.14,CL,1689467030
130,cozumel,20.5083,-86.9458,32.04,79,20,3.58,MX,1689466817
131,claremore,36.3126,-95.6161,32.84,59,0,0.45,US,1689467030
132,blankenhain,50.8599,11.3439,19.16,94,100,3.26,DE,1689467031
133,enewetak,11.3474,162.3373,27.85,81,53,7.59,MH,1689467031
134,rio gallegos,-51.6226,-69.2181,-1.97,86,0,7.2,AR,1689466779
135,sol'tsy,58.1239,30.3238,12.39,85,19,1.81,RU,1689467032
136,punta arenas,-53.15,-70.9167,0.06,74,18,6.6,CL,1689467032
137,fale old settlement,-9.3852,-171.2468,28.25,73,70,3.65,TK,1689467033
138,nar'yan-mar,67.6713,53.087,15.77,71,14,2.09,RU,1689467034
139,tavda,58.0425,65.2726,13.45,93,100,2.91,RU,1689467034
140,amga,60.8953,131.9608,17.6,47,25,1.11,RU,1689467034
141,kenai,60.5544,-151.2583,12.05,98,100,2.57,US,1689467035
142,salacgriva,57.7536,24.3581,14.87,71,35,3.24,LV,1689467035
143,udachny,66.4167,112.4,8.03,75,73,3.59,RU,1689467035
144,vilyuchinsk,52.9306,158.4028,18.15,87,99,2.46,RU,1689466857
145,puerto ayacucho,5.6639,-67.6236,24.82,91,42,1.23,VE,1689467036
146,fort st. john,56.2499,-120.8529,21.94,53,100,2.57,CA,1689466998
147,harrismith,-28.2728,29.1295,2.39,77,0,1.22,ZA,1689467037
148,isafjordur,66.0755,-23.124,6.2,95,100,3.5,IS,1689466827
149,santa ana de yacuma,-13.75,-65.4333,21.72,62,1,0.96,BO,1689467037
150,sao vicente,-23.9631,-46.3919,19.43,26,3,0.45,BR,1689466891
151,invercargill,-46.4,168.35,9.07,77,49,8.21,NZ,1689467038
152,kayangel,8.0823,134.7173,27.35,84,100,6.96,PW,1689467039
153,tsiombe,-25.3,45.4833,15.4,74,0,2.15,MG,1689467039
154,mount pearl,47.5166,-52.7813,20.19,80,40,4.12,CA,1689467039
155,mangai,-4.05,19.5333,23.19,38,3,0.65,CD,1689467039
156,ancud,-41.8697,-73.8203,5.89,80,27,2.21,CL,1689467040
157,puerto madero,14.7208,-92.4215,28.11,100,75,0.0,MX,1689467040
158,pedregal,8.3667,-82.4333,27.33,93,100,5.81,PA,1689467040
159,samarinda,-0.5,117.15,23.57,95,100,1.96,ID,1689467041
160,newman,37.3138,-121.0208,42.19,9,0,3.52,US,1689467041
161,soverato marina,38.685,16.5499,28.98,46,0,2.87,IT,1689467041
162,chernyshevskiy,63.0128,112.4714,12.46,49,18,1.83,RU,1689467042
163,safford,32.834,-109.7076,43.51,14,0,7.72,US,1689467042
164,bryne,58.7354,5.6477,16.98,90,40,6.17,NO,1689467043
165,sept-iles,50.2001,-66.3821,18.36,96,100,1.54,CA,1689467043
166,copala,16.65,-98.9833,30.61,62,10,3.29,MX,1689467044
167,olonkinbyen,70.9221,-8.7187,4.06,98,100,8.34,SJ,1689467044
168,bemidji,47.4736,-94.8803,20.05,51,40,6.69,US,1689466799
169,onguday,50.75,86.15,16.7,77,41,1.08,RU,1689467045
170,al ghayzah,16.2079,52.176,25.39,89,28,4.61,YE,1689467045
171,mili,6.0815,171.735,28.47,75,99,7.32,MH,1689467046
172,huarmey,-10.0681,-78.1522,21.42,83,14,5.28,PE,1689467046
173,kailua-kona,19.6406,-155.9956,27.98,74,75,4.63,US,1689467046
174,atherton,53.5237,-2.4935,15.12,95,100,7.09,GB,1689467047
175,ar ruways,24.1103,52.7306,33.57,59,92,0.5,AE,1689467047
176,montepuez,-13.1256,38.9997,15.36,79,0,1.86,MZ,1689467048
177,altai,46.3722,96.2583,20.4,32,71,0.74,MN,1689467048
178,burhanpur,21.3,76.2333,24.62,90,100,3.49,IN,1689467048
179,port elizabeth,-33.918,25.5701,12.16,76,0,2.06,ZA,1689466941
180,tchintabaraden,15.8969,5.7985,32.44,36,54,5.95,NE,1689467049
181,frontera,26.9333,-101.45,37.96,31,58,1.79,MX,1689467050
182,bahia de kino,28.8333,-111.9333,39.95,60,26,4.83,MX,1689467038
183,porto novo,6.4965,2.6036,26.9,89,73,2.61,BJ,1689467050
184,anadyr,64.75,177.4833,19.28,55,0,6.0,RU,1689467051
185,lerwick,60.1545,-1.1494,14.0,92,71,2.63,GB,1689467051
186,coquimbo,-29.9533,-71.3436,12.85,87,0,2.57,CL,1689466996
187,kukawa,12.9234,13.5606,29.17,52,11,2.67,NG,1689467052
188,collie,-33.3667,116.15,4.59,72,0,1.93,AU,1689467052
189,cannonvale,-20.2833,148.7,20.66,67,15,8.69,AU,1689467053
190,palasa,18.7667,84.4167,27.12,78,100,1.7,IN,1689467053
191,gustrow,53.7972,12.1734,21.18,83,75,3.09,DE,1689467053
192,saldanha,-33.0117,17.9442,13.03,92,100,4.78,ZA,1689467054
193,aripuana,-9.1667,-60.6333,25.68,58,3,0.53,BR,1689467054
194,el calafate,-50.3408,-72.2768,-4.28,66,5,1.62,AR,1689467055
195,yeppoon,-23.1333,150.7333,17.88,67,95,5.19,AU,1689467055
196,hadibu,12.65,54.0333,25.52,80,35,10.13,YE,1689467056
197,vung tau,10.346,107.0843,27.44,84,99,7.95,VN,1689467056
198,pyhajarvi,67.0701,27.2176,11.26,94,1,2.16,FI,1689467056
199,santana,-0.0583,-51.1817,29.1,79,20,5.14,BR,1689467057
200,bac lieu,9.285,105.7244,27.42,84,93,5.48,VN,1689467057
201,lundazi,-12.2929,33.1782,12.52,71,0,3.37,ZM,1689467058
202,broken hill,-31.95,141.4333,9.13,72,4,8.02,AU,1689467058
203,pimentel,-6.8367,-79.9342,23.16,83,20,8.75,PE,1689467058
204,stanley,54.868,-1.6985,13.49,90,20,6.17,GB,1689466947
205,acarau,-2.8856,-40.12,26.22,83,7,7.78,BR,1689467059
206,pinon hills,34.4333,-117.6467,40.79,13,0,4.63,US,1689467059
207,fuxin,42.0156,121.6589,19.69,83,100,3.03,CN,1689467060
208,anloga,5.7947,0.8973,25.58,87,79,4.71,GH,1689467061
209,remire-montjoly,4.9167,-52.2667,27.02,83,40,1.03,GF,1689467061
210,qamdo,31.1667,97.2333,6.38,71,59,1.11,CN,1689467061
211,margaret river,-33.95,115.0667,13.66,65,2,7.38,AU,1689467062
212,cabo san lucas,22.8909,-109.9124,35.34,49,20,2.57,MX,1689467062
213,voznesensk,47.5649,31.3308,18.96,53,0,1.91,UA,1689467063
214,papao,-17.75,-149.55,27.82,63,0,3.91,PF,1689467063
215,independence,39.0911,-94.4155,31.05,52,0,2.57,US,1689467064
216,karratha,-20.7377,116.8463,16.64,43,1,8.24,AU,1689467064
217,manado,1.487,124.8455,28.43,78,20,1.03,ID,1689467064
218,suratgarh,29.3167,73.9,32.55,58,98,3.03,IN,1689467065
219,la passe,45.5549,-0.8967,18.88,72,2,5.07,FR,1689467065
220,thompson,55.7435,-97.8558,12.09,87,100,5.66,CA,1689467066
221,bethanie,-26.4833,17.15,8.98,47,1,1.06,NA,1689467066
222,sao jose da coroa grande,-8.8978,-35.1478,24.56,84,13,3.01,BR,1689467067
223,fort mcmurray,56.7268,-111.381,20.77,56,0,2.06,CA,1689467028
224,borogontsy,62.6683,131.1683,15.1,49,40,2.28,RU,1689467067
225,lincoln,40.8,-96.667,28.48,71,0,0.0,US,1689466774
226,east london,-33.0153,27.9116,17.61,59,81,3.45,ZA,1689467068
227,puerto baquerizo moreno,-0.9,-89.6,25.12,79,41,5.15,EC,1689466947
228,nuku'alofa,-21.1333,-175.2,21.19,78,100,4.63,TO,1689466897
229,yuzhno-kurilsk,44.0306,145.8556,14.17,91,100,1.8,RU,1689467070
230,pulsano,40.3821,17.3564,29.9,57,0,0.89,IT,1689467070
231,swift current,50.2834,-107.8014,22.45,49,0,7.72,CA,1689467070
232,ust'-ordynskiy,52.805,104.7508,20.56,72,5,1.81,RU,1689467071
233,cole harbour,44.6724,-63.4751,21.21,95,86,2.57,CA,1689467071
234,laguna de perlas,12.3429,-83.6712,26.41,90,100,5.45,NI,1689467072
235,crane,31.3974,-102.3501,38.03,18,28,8.72,US,1689467072
236,gornozavodsk,58.3758,58.3211,8.97,94,99,1.78,RU,1689467072
237,colonia,50.9333,6.95,21.13,72,0,4.12,DE,1689467073
238,baharly,38.4362,57.4316,28.94,42,19,2.52,TM,1689467073
239,port sudan,19.6175,37.2164,33.15,43,87,1.27,SD,1689467074
240,nchelenge,-9.3451,28.734,17.57,61,0,3.07,ZM,1689467074
241,pembroke,45.8168,-77.1162,18.56,99,100,1.17,CA,1689467074
242,mukalla,14.5425,49.1242,30.27,57,40,1.36,YE,1689467075
243,tokar,18.4254,37.729,30.37,51,76,15.44,SD,1689467075
244,ixtapa,20.7,-105.2,31.24,79,75,4.12,MX,1689467075
245,bowen,-20.0167,148.2333,23.3,59,4,8.93,AU,1689466889
246,kargasok,59.0556,80.8572,13.2,96,78,1.49,RU,1689467076
247,chauk,20.8833,94.8167,27.26,72,87,5.21,MM,1689467076
248,tucano,-10.9631,-38.7867,21.08,87,4,3.43,BR,1689467077
249,mana,5.6592,-53.7767,25.65,91,54,3.54,GF,1689467077
250,champerico,14.3,-91.9167,27.3,70,29,2.08,GT,1689467077
251,ulsteinvik,62.3432,5.8487,16.53,89,80,1.79,NO,1689467078
252,conduaga,8.862,117.4893,27.21,86,99,6.44,PH,1689467078
253,illapel,-31.6308,-71.1653,14.29,57,9,0.51,CL,1689466571
254,mogadishu,2.0371,45.3438,25.01,81,100,8.67,SO,1689466812
255,nieuw amsterdam,5.8833,-55.0833,26.19,87,40,0.0,SR,1689467079
256,dos de mayo,-27.0228,-54.6867,10.38,91,81,0.49,AR,1689467079
257,cascais,38.6979,-9.4215,18.85,73,3,9.83,PT,1689467080
258,sabang,5.8933,95.3214,27.9,76,90,8.7,ID,1689467080
259,ilhabela,-23.7781,-45.3581,18.05,81,4,3.19,BR,1689466946
260,kuqa,41.7278,82.9364,30.55,21,2,1.99,CN,1689467081
261,gisborne,-38.6533,178.0042,15.3,65,100,5.05,NZ,1689467081
262,kasongo-lunda,-6.4667,16.8167,21.65,39,1,0.04,CD,1689467082
263,lihue,21.9789,-159.3672,28.77,70,20,6.17,US,1689466828
264,bikin,46.8161,134.26,16.41,77,97,1.23,RU,1689467082
265,carnarvon,-24.8667,113.6333,13.33,41,0,5.14,AU,1689467083
266,saint-louis,16.3333,-15.0,29.41,65,92,6.8,SN,1689467083
267,qaqortoq,60.7167,-46.0333,5.91,93,100,2.05,GL,1689467083
268,usinsk,65.9939,57.5281,15.41,68,5,1.45,RU,1689467084
269,boaco,12.4722,-85.6586,23.2,93,99,4.04,NI,1689467084
270,muli,2.9167,73.5667,28.27,74,38,3.06,MV,1689467084
271,ola,59.5833,151.2833,20.08,74,58,2.85,RU,1689467085
272,hryhoriopol,47.1536,29.2964,18.54,50,1,2.04,MD,1689467085
273,pisco,-13.7,-76.2167,20.03,73,0,4.63,PE,1689466796
274,caleta de carquin,-11.0925,-77.6267,20.49,81,25,5.44,PE,1689467086
275,nova sintra,14.8667,-24.7167,22.55,78,72,1.06,CV,1689467086
276,yoichi,43.2039,140.7703,22.89,85,100,1.4,JP,1689467086
277,barabai,-2.5833,115.3833,23.83,94,100,0.22,ID,1689467087
278,amasra,41.7463,32.3863,19.75,81,0,2.07,TR,1689467087
279,wonju,37.3514,127.9453,23.5,98,100,1.51,KR,1689467087
280,acapulco de juarez,16.8634,-99.8901,30.9,74,75,5.14,MX,1689467070
281,el granada,37.5027,-122.4694,36.71,71,100,9.77,US,1689467088
282,vanimo,-2.6741,141.3028,27.71,79,72,0.63,PG,1689467088
283,yermentau,51.6214,73.1069,13.8,88,81,6.46,KZ,1689467089
284,colwyn bay,53.2948,-3.7267,14.41,92,99,9.58,GB,1689467089
285,mount gambier,-37.8333,140.7667,12.02,71,86,2.95,AU,1689467089
286,keflavik,64.0049,-22.5624,8.95,76,75,9.26,IS,1689467090
287,dakhla,23.6848,-15.958,20.44,89,0,11.31,EH,1689467090
288,taft,31.7471,54.2088,26.97,13,0,4.12,IR,1689467090
289,as sulayyil,20.4607,45.5779,30.14,11,34,2.57,SA,1689467090
290,tarko-sale,64.9225,77.785,13.03,64,41,4.35,RU,1689467091
291,ivdel',60.6911,60.4206,10.08,86,47,2.32,RU,1689467091
292,letlhakeng,-24.0944,25.0298,9.2,56,1,2.43,BW,1689467092
293,naze,28.3667,129.4833,29.51,80,49,7.05,JP,1689467092
294,janeng,-25.4167,25.55,4.8,56,9,2.01,BW,1689466876
295,aykhal,66.0,111.5,10.0,47,57,4.11,RU,1689467093
296,korba,22.35,82.6833,24.89,93,100,1.45,IN,1689467093
297,tash-kumyr,41.3461,72.2171,24.1,28,0,2.35,KG,1689467093
298,mwene-ditu,-7.0,23.45,19.58,40,58,2.0,CD,1689467094
299,san antonio de pale,-1.4014,5.6325,23.16,84,17,3.99,GQ,1689467094
300,menongue,-14.6585,17.691,11.91,47,11,2.55,AO,1689467094
301,apatity,67.5641,33.4031,12.93,96,83,1.18,RU,1689467095
302,afaahiti,-17.75,-149.2833,26.93,66,5,3.92,PF,1689467095
303,progreso,21.2833,-89.6667,25.06,79,1,7.53,MX,1689467095
304,dunedin,-45.8742,170.5036,12.67,61,93,0.89,NZ,1689467072
305,dryden,49.7833,-92.7503,15.16,88,100,2.06,CA,1689467096
306,brokopondo,4.75,-55.1667,26.22,83,75,4.33,SR,1689467096
307,jorhat,26.75,94.2167,26.14,91,100,1.18,IN,1689467097
308,haiku-pauwela,20.9219,-156.3051,28.47,57,20,12.35,US,1689467097
309,swan hill,-35.3378,143.5544,9.27,64,0,2.84,AU,1689467097
310,tralee,52.2704,-9.7026,12.84,90,100,7.3,IE,1689467098
311,chopda,21.25,75.3,25.16,84,100,3.83,IN,1689467098
312,mersa matruh,31.3525,27.2453,25.61,82,1,4.55,EG,1689467098
313,suomussalmi,64.8869,28.9078,12.51,94,46,1.93,FI,1689467099
314,butembo,0.15,29.2833,14.51,80,3,1.07,CD,1689467099
315,bianzhuang,34.8486,118.0447,27.65,61,2,1.34,CN,1689467099
316,magong,23.5654,119.5863,29.36,78,13,4.26,TW,1689467100
317,dazhong,33.1997,120.4578,27.63,77,100,1.31,CN,1689467100
318,strezhevoy,60.7333,77.5889,12.99,54,83,6.15,RU,1689467100
319,okuta,9.2167,3.1833,22.55,95,61,2.85,NG,1689467101
320,korfovskiy,48.2183,135.0564,18.7,86,100,2.07,RU,1689467101
321,chapada dos guimaraes,-15.4606,-55.7497,18.81,48,6,1.47,BR,1689467101
322,labrador city,52.9463,-66.9114,18.95,68,100,3.09,CA,1689467102
323,kerikeri,-35.2268,173.9474,15.51,89,82,0.89,NZ,1689467102
324,alindao,5.0267,21.2088,21.47,97,21,0.98,CF,1689467103
325,quellon,-43.1167,-73.6167,5.7,81,24,4.09,CL,1689467104
326,kalmunai,7.4167,81.8167,26.53,80,88,4.22,LK,1689467104
327,balakhta,55.38,91.6,17.76,82,97,1.06,RU,1689467105
328,kelibia,36.8476,11.0939,27.14,89,0,2.06,TN,1689467105
329,hami,42.8,93.45,33.23,11,27,3.09,CN,1689467106
330,shahrud,36.4182,54.9763,23.65,52,44,3.2,IR,1689467107
331,cold lake,54.4502,-110.2017,20.97,52,40,2.57,CA,1689467107
332,taulaga,-11.0553,-171.0883,27.96,75,77,4.38,AS,1689467107
333,sarakhs,36.5449,61.1577,27.87,20,0,2.17,IR,1689467108
334,port saint john's,-31.6229,29.5448,17.81,52,31,5.54,ZA,1689467108
335,san luis,-33.295,-66.3356,7.52,58,2,6.79,AR,1689467109
336,fortuna,40.5982,-124.1573,19.96,85,40,5.66,US,1689467109
337,onega,63.9061,38.1404,15.04,79,66,1.02,RU,1689467109
338,guangming,45.3333,122.7833,17.81,94,100,6.4,CN,1689467110
339,cao bang,22.6667,106.25,25.33,92,85,1.34,VN,1689467110
340,selty,57.3132,52.1345,13.05,92,100,2.37,RU,1689467110
341,lastoursville,-0.8143,12.7287,24.09,80,91,0.93,GA,1689467111
342,tindouf,27.6711,-8.1474,33.25,18,0,3.6,DZ,1689467111
343,kakonko,-3.2828,30.9642,18.0,51,2,0.86,TZ,1689467112
344,sodra sandby,56.5667,16.6167,19.92,80,98,9.32,SE,1689467112
345,homer,59.6425,-151.5483,12.94,79,100,3.09,US,1689467112
346,plastun,44.7561,136.2939,17.44,78,100,4.11,RU,1689467113
347,guantanamo,20.1444,-75.2092,30.76,72,2,1.72,CU,1689467114
348,trairi,-3.2778,-39.2689,26.11,82,7,4.79,BR,1689467114
349,lashio,22.9333,97.75,21.06,99,100,0.31,MM,1689467115
350,dumka,24.2667,87.25,25.53,93,98,4.14,IN,1689467115
351,zheleznodorozhnyy,55.7503,38.0042,15.23,94,54,2.42,RU,1689467116
352,gambiran satu,-8.3939,114.1464,22.54,91,45,0.16,ID,1689467116
353,beloyarskiy,63.7119,66.6722,13.96,69,3,0.45,RU,1689467116
354,kudahuvadhoo,2.6708,72.8944,28.09,74,55,2.31,MV,1689467117
355,aasiaat,68.7098,-52.8699,2.96,96,100,4.07,GL,1689467117
356,jilma,35.2731,9.4239,29.88,27,0,2.75,TN,1689467118
357,enriquillo,17.9,-71.2333,26.95,81,2,3.95,DO,1689467118
358,soio,-6.1349,12.3689,20.08,93,2,2.5,AO,1689467118
359,howrah,22.5892,88.3103,27.0,100,100,3.6,IN,1689467119
360,box elder,41.5005,-112.8764,27.64,37,0,4.89,US,1689467119
361,argostolion,38.1811,20.489,25.34,64,0,2.56,GR,1689467120
362,tazovsky,67.4667,78.7,5.34,77,37,4.11,RU,1689466824
363,puerto armuelles,8.2833,-82.8667,27.27,84,100,1.34,PA,1689467091
364,bandar lampung,-5.4254,105.258,23.51,95,100,1.61,ID,1689467121
365,thisted,56.9552,8.6949,17.3,91,100,6.26,DK,1689467121
366,morrilton,35.1509,-92.744,33.69,62,73,1.37,US,1689467122
367,guiuan,11.0333,125.7247,28.62,76,100,7.45,PH,1689467122
368,canutama,-6.5339,-64.3831,27.64,66,100,1.21,BR,1689467122
369,tofol,5.3248,163.0078,27.88,83,75,1.54,FM,1689467123
370,badger,64.8,-147.5333,19.17,74,100,2.06,US,1689467123
371,messaad,34.1543,3.5031,28.04,11,0,0.34,DZ,1689467123
372,ketchikan,55.3422,-131.6461,16.26,88,100,3.09,US,1689466928
373,oistins,13.0667,-59.5333,28.05,83,40,7.2,BB,1689466828
374,gamba,-2.65,10.0,19.83,96,14,1.67,GA,1689467124
375,kingston,17.997,-76.7936,29.58,83,20,8.75,JM,1689466900
376,monte azul paulista,-20.9072,-48.6414,16.49,39,0,2.6,BR,1689467125
377,masterton,-40.9597,175.6575,13.82,79,100,7.94,NZ,1689467126
378,svetlyy,54.675,20.1347,17.76,62,62,5.17,RU,1689467126
379,hilo,19.7297,-155.09,29.6,70,100,4.12,US,1689467126
380,dondo,-19.6094,34.7431,15.38,84,1,0.9,MZ,1689467127
381,natal,-5.795,-35.2094,26.12,83,20,4.63,BR,1689467110
382,goundi,9.3627,17.366,22.05,89,98,1.5,TD,1689467128
383,korla,41.7597,86.1469,30.84,22,1,5.59,CN,1689467128
384,uliastay,47.7417,96.8444,18.4,46,30,1.85,MN,1689467128
385,tromso,69.6496,18.957,11.01,93,20,3.09,NO,1689466929
386,zheleznogorsk-ilimskiy,56.5768,104.1217,18.81,60,76,1.53,RU,1689467129
387,beyneu,45.3167,55.2,25.38,61,3,6.52,KZ,1689467129
388,tadine,-21.55,167.8833,22.79,51,2,9.28,NC,1689467130
389,mazamari,-11.3258,-74.5308,22.1,90,65,0.19,PE,1689467130
390,mount isa,-20.7333,139.5,22.87,38,75,4.63,AU,1689467130
391,san felipe,10.3399,-68.7425,23.37,97,80,1.91,VE,1689467131
392,sudislavl',57.8817,41.7083,14.18,81,100,1.23,RU,1689467131
393,estreito,-5.7833,-43.25,27.35,41,17,1.03,BR,1689467131
394,yung shue wan,22.2333,114.1167,30.34,73,77,7.49,HK,1689467132
395,moyynkum,44.2914,72.9469,25.92,26,0,3.89,KZ,1689467132
396,mikhaylovka,50.06,43.2379,15.44,88,81,5.4,RU,1689467132
397,tolanaro,-25.0319,46.9987,18.04,88,20,3.09,MG,1689467133
398,taoudenni,22.6783,-3.9836,35.84,26,13,8.04,ML,1689467133
399,nieves,15.3274,120.9485,24.73,90,98,4.37,PH,1689467133
400,chachersk,52.9164,30.9179,14.95,73,6,2.38,BY,1689467134
401,kenora,49.8167,-94.4337,15.43,82,75,4.02,CA,1689467020
402,loango,-4.6719,11.8312,19.94,94,1,2.47,CG,1689467134
403,sarupathar,26.1984,93.8094,25.05,95,100,1.42,IN,1689467135
404,medina,24.4686,39.6142,37.24,9,20,1.54,SA,1689467135
405,miri,4.4148,114.0089,26.08,83,20,1.54,MY,1689467135
406,mormugao,15.4,73.8,26.59,94,40,2.06,IN,1689467136
407,fort bragg,35.139,-79.006,28.32,96,100,2.06,US,1689467136
408,mejit,10.2753,170.8646,28.27,75,33,7.16,MH,1689467136
409,ono,34.85,134.9333,30.71,76,75,2.9,JP,1689467137
410,laojunmiao,39.8333,97.7333,24.14,25,2,1.77,CN,1689467137
411,pionerskiy,54.9508,20.2275,17.64,63,66,6.93,RU,1689467137
412,xining,36.6167,101.7667,14.23,64,30,1.23,CN,1689467138
413,marquard,-28.6645,27.4305,3.62,73,1,0.81,ZA,1689467138
414,lakeway,30.3638,-97.9796,39.86,30,0,4.12,US,1689467138
415,rio grande,-32.035,-52.0986,10.06,79,86,2.57,BR,1689467023
416,kolwezi,-10.7148,25.4667,13.69,59,0,2.84,CD,1689467139
417,xinzhou,38.4092,112.7333,21.93,47,3,1.34,CN,1689467140
418,guarapari,-20.6667,-40.4975,18.83,71,36,1.59,BR,1689467140
419,shimoda,34.6667,138.95,28.2,88,90,8.4,JP,1689467140
420,okha,53.5739,142.9478,16.2,64,75,4.15,RU,1689467141
421,cedeira,43.6797,-8.0209,16.88,84,17,3.72,ES,1689467141
422,nemuro,43.3236,145.575,13.07,98,100,4.72,JP,1689467141
423,abqaiq,25.9371,49.6776,30.46,52,4,1.25,SA,1689467142
424,praia da vitoria,38.7333,-27.0667,21.14,88,75,4.97,PT,1689466951
425,shenjiamen,29.9576,122.298,26.54,90,14,5.14,CN,1689467142
426,duba,27.3513,35.6901,31.16,47,0,1.22,SA,1689467143
427,kato achaia,38.15,21.55,28.32,73,0,0.0,GR,1689467143
428,la rioja,42.25,-2.5,13.88,87,56,1.74,ES,1689467094
429,turpan,42.9333,89.1667,37.87,12,22,1.35,CN,1689467144
430,altay,47.8667,88.1167,23.45,45,30,2.06,CN,1689467144
431,galliano,29.4422,-90.2992,34.0,59,0,3.09,US,1689467145
432,inhambane,-23.865,35.3833,17.21,81,0,1.43,MZ,1689467145
433,parabel',58.6978,81.4825,13.07,97,64,2.93,RU,1689467145
434,victorica,-36.2151,-65.4359,6.98,44,1,3.62,AR,1689467146
435,queenstown,-31.8976,26.8753,10.84,48,52,4.44,ZA,1689467146
436,jinja,0.439,33.2032,20.49,72,18,1.86,UG,1689467147
437,morehead city,34.7229,-76.726,28.36,89,20,6.26,US,1689467147
438,dalby,-27.1833,151.2667,17.54,54,0,0.75,AU,1689467147
439,canto do buriti,-8.11,-42.9444,25.19,39,1,2.07,BR,1689467148
440,woodward,36.4337,-99.3904,31.57,43,0,3.09,US,1689467103
441,tukrah,32.5341,20.5791,25.58,79,0,4.34,LY,1689467148
442,waingapu,-9.6567,120.2641,24.57,73,49,3.69,ID,1689467149
443,ipora,-16.4419,-51.1178,21.39,45,30,0.76,BR,1689467000
444,bhandaria,22.4861,90.0609,27.0,87,100,5.4,BD,1689467149
445,arpacay,40.8487,43.3291,13.8,83,0,2.86,TR,1689467150
446,le morne-rouge,14.7667,-61.1333,24.76,79,100,5.87,MQ,1689467150
447,ust'-kalmanka,52.1207,83.305,19.95,36,71,3.97,RU,1689467150
448,sanford,28.8006,-81.2731,31.74,83,75,3.09,US,1689466864
449,san juan,-31.5375,-68.5364,9.54,46,0,3.15,AR,1689466937
450,ponta delgada,37.7333,-25.6667,20.4,77,75,2.57,PT,1689467151
451,touros,-5.1989,-35.4608,25.62,83,4,5.17,BR,1689467152
452,burang,30.25,81.1667,11.04,85,99,1.04,CN,1689467152
453,fort stockton,30.894,-102.8793,38.03,21,20,8.23,US,1689467152
454,marianna,30.7744,-85.2269,24.16,94,40,2.41,US,1689467153
455,magadan,59.5667,150.8,19.74,76,81,3.09,RU,1689467153
456,christchurch,-43.5333,172.6333,16.11,63,75,3.09,NZ,1689466604
457,bargaal,11.2864,51.0773,29.47,53,7,12.2,SO,1689467153
458,smidovich,48.6,133.8167,15.9,85,100,4.51,RU,1689467154
459,vila velha,-20.3297,-40.2925,18.97,87,75,1.54,BR,1689467154
460,leh,34.1667,77.5833,16.87,40,45,2.44,IN,1689467154
461,calama,-22.4667,-68.9333,12.27,10,0,5.14,CL,1689467155
462,baiti,13.745,-14.7482,25.58,82,66,3.3,SN,1689467155
463,edgewater,28.9889,-80.9023,29.13,69,100,2.06,US,1689467160
464,sultanah,24.4926,39.5857,37.25,9,20,1.54,SA,1689467161
465,arkhangel'sk,64.5401,40.5433,15.87,74,91,1.5,RU,1689467161
466,mahdishahr,35.7108,53.3556,24.53,22,6,1.83,IR,1689467162
467,vernon,50.2581,-119.2691,36.27,21,57,0.51,CA,1689467162
468,byron bay,-28.65,153.6167,18.73,56,0,1.98,AU,1689467078
469,chemax,20.65,-87.9333,31.7,50,17,3.74,MX,1689467163
470,axim,4.8699,-2.2405,25.04,89,72,3.64,GH,1689467164
471,aljezur,37.3191,-8.8033,17.37,75,0,5.85,PT,1689466934
472,halesworth,52.3464,1.5029,17.23,76,37,9.75,GB,1689467164
473,thunder bay,48.4001,-89.3168,18.99,63,75,1.54,CA,1689467165
474,tamanrasset,22.785,5.5228,26.95,13,0,1.03,DZ,1689467165
475,lesnoy,57.6198,63.0784,12.21,95,100,3.13,RU,1689467166
476,muynoq,43.7683,59.0214,25.12,24,0,4.68,UZ,1689467166
477,tateyama,34.9833,139.8667,25.93,86,100,10.75,JP,1689467166
478,antipino,57.1068,65.7576,14.19,90,100,2.37,RU,1689467167
479,gadzhiyevo,69.2551,33.3362,12.58,98,99,1.9,RU,1689467167
480,zhigalovo,54.8097,105.1578,20.42,72,24,1.24,RU,1689467167
481,spring creek,40.7266,-115.5859,34.83,11,0,1.63,US,1689467168
482,nasiriyah,31.0521,46.261,35.89,9,0,2.96,IQ,1689467168
483,al mijlad,11.0333,27.7333,27.56,56,68,4.4,SD,1689467169
484,haapsalu,58.9431,23.5414,12.23,84,51,3.32,EE,1689467169
485,bel ombre,-4.6167,55.4167,25.91,83,40,4.12,SC,1689467169
486,hechuan,29.9947,106.2572,28.27,84,0,0.85,CN,1689467170
487,tokonou,9.65,-9.7833,20.22,97,92,1.82,GN,1689467170
488,bodaybo,57.8506,114.1933,17.27,68,64,0.52,RU,1689467170
489,aroma,15.8167,36.1333,23.04,84,100,9.55,SD,1689467171
490,tucuma,-0.1833,-50.05,24.67,92,57,3.15,BR,1689467171
491,yeraliyev,43.2,51.65,25.0,73,13,5.5,KZ,1689467171
492,new norfolk,-42.7826,147.0587,13.29,73,97,4.76,AU,1689467172
493,olenegorsk,68.15,33.3,13.58,95,91,2.56,RU,1689467172
494,pugachev,52.0133,48.8025,15.71,77,100,3.8,RU,1689467173
495,tsumeb,-19.2333,17.7167,14.08,35,0,4.18,NA,1689467173
496,baie-comeau,49.2168,-68.1489,14.82,100,75,3.09,CA,1689467173
497,el salto,20.3333,-104.5,23.66,70,35,2.42,MX,1689467174
498,bardai,11.65,7.2333,25.37,60,51,3.18,NG,1689466884
499,swakopmund,-22.6833,14.5333,10.47,61,0,4.65,NA,1689467174
500,sabak bernam,3.7698,100.9879,24.06,92,97,1.47,MY,1689467175
501,ronda,36.7423,-5.1671,20.47,49,0,1.88,ES,1689467175
502,port douglas,-16.4833,145.4667,23.79,72,24,6.02,AU,1689467176
503,olavarria,-36.8927,-60.3225,4.05,70,0,3.98,AR,1689467176
504,barcelos,41.5388,-8.6151,15.38,88,65,2.21,PT,1689467176
505,kapa'a,22.0752,-159.319,29.18,76,20,6.17,US,1689467177
506,oum hadjer,13.2954,19.6966,29.16,53,31,4.01,TD,1689467177
507,hammerfest,70.6634,23.6821,11.25,93,100,0.51,NO,1689467177
508,callao,-12.0667,-77.15,21.16,73,75,5.14,PE,1689466881
509,watford city,47.8022,-103.2832,23.03,40,0,6.17,US,1689467178
510,tingo maria,-9.2895,-76.0088,22.09,90,75,0.82,PE,1689467178
511,severo-yeniseyskiy,60.3725,93.0408,10.48,95,100,2.81,RU,1689467179
512,massawa,15.6097,39.45,31.42,71,20,2.19,ER,1689467179
513,velikiy ustyug,60.7644,46.3106,12.99,96,100,2.27,RU,1689467180
514,sinop,41.7711,34.8709,16.11,89,0,0.93,TR,1689467180
515,charters towers,-20.1,146.2667,20.42,57,69,8.32,AU,1689467181
516,suva,-18.1416,178.4415,21.71,94,100,2.57,FJ,1689467181
517,knyaze-volkonskoye,48.4642,135.4567,19.19,64,100,4.38,RU,1689467181
518,hobyo,5.3505,48.5268,24.88,81,73,11.11,SO,1689467182
519,sorgun,39.8101,35.186,14.96,92,6,2.74,TR,1689467182
520,gizo,-8.103,156.8419,26.97,87,100,7.32,SB,1689467182
521,copiapo,-27.3667,-70.3333,15.77,54,0,0.41,CL,1689467117
522,sao tome,0.3365,6.7273,24.3,84,45,3.44,ST,1689467183
523,zemio,5.0314,25.1361,20.09,98,86,2.7,CF,1689467183
524,san matias,-16.3667,-58.4,22.36,50,34,1.75,BO,1689467184
525,revda,56.801,59.9303,11.31,96,100,1.27,RU,1689467184
526,bodo,67.28,14.405,13.02,79,0,7.72,NO,1689467184
527,kani keli,-12.9536,45.1033,24.59,70,0,8.53,YT,1689467185
528,katsuura,35.1333,140.3,27.07,81,100,9.61,JP,1689467185
529,la libertad,-2.2333,-80.9,25.0,82,22,4.31,EC,1689467186
530,tabou,4.423,-7.3528,24.39,88,20,2.82,CI,1689467186
531,daru,-9.0763,143.2092,26.21,72,79,5.79,PG,1689467186
532,beau vallon,-20.4189,57.6953,23.13,83,75,3.6,MU,1689467187
533,portland,45.5234,-122.6762,37.01,28,40,7.2,US,1689466799
534,georgetown,5.4112,100.3354,29.02,92,20,2.24,MY,1689467043
535,tshabong,-26.05,22.45,11.68,40,1,4.15,BW,1689467188
536,puerto deseado,-47.7503,-65.8938,3.46,92,75,10.59,AR,1689467188
537,bintulu,3.1667,113.0333,25.23,83,20,1.54,MY,1689467188
538,margate,51.3813,1.3862,16.61,81,19,3.58,GB,1689467189
539,katabu,-4.9333,122.5167,26.15,76,72,1.23,ID,1689467189
540,palangkaraya,-2.2,113.8333,23.36,97,100,0.49,ID,1689466901
541,berezovo,63.9381,65.0419,14.23,72,5,2.16,RU,1689467190
542,pokhara,28.2333,83.9833,21.74,88,74,1.48,NP,1689467163
543,ocean city,39.2776,-74.5746,27.23,87,94,3.58,US,1689467125
544,poronaysk,49.2167,143.1167,17.42,69,100,1.58,RU,1689467191
545,ceriale,44.0913,8.2289,25.13,80,0,2.68,IT,1689467192
546,mata-utu,-13.2816,-176.1745,26.94,80,19,7.82,WF,1689467192
547,nagqu,31.5,92.0,4.92,84,8,1.29,CN,1689467192
548,masuguru,-11.3667,38.4167,17.63,65,0,0.57,TZ,1689467193
549,ogwashi-uku,6.1782,6.5243,22.38,99,95,2.0,NG,1689467193
550,timimoun,29.2639,0.231,31.21,8,0,5.66,DZ,1689467194
551,chibougamau,49.9168,-74.3659,22.79,60,75,3.09,CA,1689467194
552,sorong,-0.8833,131.25,24.34,92,100,3.52,ID,1689467194
553,celestun,20.8667,-90.4,29.1,74,10,8.67,MX,1689467195
554,cidade velha,14.9167,-23.6167,27.26,83,20,1.03,CV,1689467195
555,sirte,31.2089,16.5887,26.01,83,0,3.33,LY,1689467195
556,salalah,17.0151,54.0924,26.05,100,100,2.57,OM,1689467196
557,selfoss,63.9331,-20.9971,8.36,73,55,4.76,IS,1689467196
558,bandarbeyla,9.4942,50.8122,24.48,78,2,12.82,SO,1689467196
559,khandyga,62.6667,135.6,15.17,54,94,2.04,RU,1689467197
560,mawlaik,23.6333,94.4167,24.88,98,100,0.41,MM,1689467197
561,xianning,29.8833,114.2167,25.79,78,99,0.64,CN,1689467197
562,urzhar,47.093,81.6294,20.86,29,0,0.4,KZ,1689467198
563,woolgoolga,-30.1106,153.2007,18.93,47,0,0.89,AU,1689467198
564,miguel ahumada,30.6167,-106.5167,38.5,17,40,7.28,MX,1689467198
565,port-cartier,50.0334,-66.8654,18.19,97,86,1.72,CA,1689467199
566,akureyri,65.6835,-18.0878,5.96,93,100,4.63,IS,1689467010
567,antsiranana,-12.2787,49.2917,20.76,71,12,2.57,MG,1689467199
568,dean funes,-30.4204,-64.3498,7.55,66,24,4.1,AR,1689467200
569,inarajan village,13.2736,144.7484,31.54,83,49,6.9,GU,1689467200
